metric,value
timestamp,2026-06-30T18:19:18
workload,CC
strategy,MPO
bench_class,W
num_threads,2
output_dir,Outputs/sizeW/2TH/CC_W_MPO_2TH_20260630_175348
cpu_map,"[0, 8]"
p_core_count,2
e_core_count,0
node0_threads,1
node1_threads,1
sim_time_ms,5.0574
total_instructions,30779250
avg_ipc,0.7607
avg_ipc_p,0.7607
avg_ipc_e,0.0
total_power_W,4.0766
dynamic_W,3.043
leakage_W,1.0
dram_W,0.0336
energy_J,0.020617
node0_reads,13294
node1_reads,13258
node0_pct,50.0678
dram_local,5171
dram_remote,5152
dram_remote_pct,49.908
l1d_miss_pct,1.8976
l2_miss_pct,68.5301
l3_miss_pct,13.5036
l1d_mpki,3.6242
l2_mpki,2.4837
l3_mpki,0.3354
l3_miss_count,10323
cpi_base_frac,0.5092
cpi_branch_frac,0.2683
cpi_l2_frac,0.0
cpi_l3_frac,0.1795
cpi_dram_local_frac,0.0206
cpi_dram_remote_frac,0.0224
L1-D.access-mru-0.c0,5720457
L1-D.access-mru-0.c1,1685807
L1-D.access-mru-0.node0,5720457
L1-D.access-mru-0.node1,1685807
L1-D.access-mru-0.total,7406264
L1-D.access-mru-1.c0,235067
L1-D.access-mru-1.c1,52868
L1-D.access-mru-1.node0,235067
L1-D.access-mru-1.node1,52868
L1-D.access-mru-1.total,287935
L1-D.access-mru-2.c0,91307
L1-D.access-mru-2.c1,14958
L1-D.access-mru-2.node0,91307
L1-D.access-mru-2.node1,14958
L1-D.access-mru-2.total,106265
L1-D.access-mru-3.c0,26541
L1-D.access-mru-3.c1,8083
L1-D.access-mru-3.node0,26541
L1-D.access-mru-3.node1,8083
L1-D.access-mru-3.total,34624
L1-D.access-mru-4.c0,9253
L1-D.access-mru-4.c1,4333
L1-D.access-mru-4.node0,9253
L1-D.access-mru-4.node1,4333
L1-D.access-mru-4.total,13586
L1-D.access-mru-5.c0,4928
L1-D.access-mru-5.c1,2563
L1-D.access-mru-5.node0,4928
L1-D.access-mru-5.node1,2563
L1-D.access-mru-5.total,7491
L1-D.access-mru-6.c0,3224
L1-D.access-mru-6.c1,1936
L1-D.access-mru-6.node0,3224
L1-D.access-mru-6.node1,1936
L1-D.access-mru-6.total,5160
L1-D.access-mru-7.c0,2437
L1-D.access-mru-7.c1,1558
L1-D.access-mru-7.node0,2437
L1-D.access-mru-7.node1,1558
L1-D.access-mru-7.total,3995
L1-D.backinval-M,2
L1-D.backinval-S,1
L1-D.coherency-downgrades.c0,343
L1-D.coherency-downgrades.c1,117
L1-D.coherency-downgrades.node0,343
L1-D.coherency-downgrades.node1,117
L1-D.coherency-downgrades.total,460
L1-D.coherency-invalidates.c0,27
L1-D.coherency-invalidates.c1,221
L1-D.coherency-invalidates.node0,27
L1-D.coherency-invalidates.node1,221
L1-D.coherency-invalidates.total,248
L1-D.coherency-writebacks.c0,39228
L1-D.coherency-writebacks.c1,39327
L1-D.coherency-writebacks.node0,39228
L1-D.coherency-writebacks.node1,39327
L1-D.coherency-writebacks.total,78555
L1-D.evict-E.c0,13586
L1-D.evict-E.c1,9
L1-D.evict-E.node0,13586
L1-D.evict-E.node1,9
L1-D.evict-E.total,13595
L1-D.evict-M.c0,46097
L1-D.evict-M.c1,34064
L1-D.evict-M.node0,46097
L1-D.evict-M.node1,34064
L1-D.evict-M.total,80161
L1-D.evict-S.c0,798
L1-D.evict-S.c1,860
L1-D.evict-S.node0,798
L1-D.evict-S.node1,860
L1-D.evict-S.total,1658
L1-D.load-misses-E,2
L1-D.load-misses-I.c0,67137
L1-D.load-misses-I.c1,49346
L1-D.load-misses-I.node0,67137
L1-D.load-misses-I.node1,49346
L1-D.load-misses-I.total,116483
L1-D.load-misses-S.c0,1
L1-D.load-misses-S.c1,34
L1-D.load-misses-S.node0,1
L1-D.load-misses-S.node1,34
L1-D.load-misses-S.total,35
L1-D.load-misses.c0,67140
L1-D.load-misses.c1,49380
L1-D.load-misses.node0,67140
L1-D.load-misses.node1,49380
L1-D.load-misses.total,116520
L1-D.loads-E.c0,167480
L1-D.loads-E.c1,46
L1-D.loads-E.node0,167480
L1-D.loads-E.node1,46
L1-D.loads-E.total,167526
L1-D.loads-I.c0,67137
L1-D.loads-I.c1,49346
L1-D.loads-I.node0,67137
L1-D.loads-I.node1,49346
L1-D.loads-I.total,116483
L1-D.loads-M.c0,3434491
L1-D.loads-M.c1,714486
L1-D.loads-M.node0,3434491
L1-D.loads-M.node1,714486
L1-D.loads-M.total,4148977
L1-D.loads-S.c0,787094
L1-D.loads-S.c1,663508
L1-D.loads-S.node0,787094
L1-D.loads-S.node1,663508
L1-D.loads-S.total,1450602
L1-D.loads-where-L1.c0,4389062
L1-D.loads-where-L1.c1,1378006
L1-D.loads-where-L1.node0,4389062
L1-D.loads-where-L1.node1,1378006
L1-D.loads-where-L1.total,5767068
L1-D.loads-where-L2.c0,22448
L1-D.loads-where-L2.c1,12657
L1-D.loads-where-L2.node0,22448
L1-D.loads-where-L2.node1,12657
L1-D.loads-where-L2.total,35105
L1-D.loads-where-L3.c0,33236
L1-D.loads-where-L3.c1,32887
L1-D.loads-where-L3.node0,33236
L1-D.loads-where-L3.node1,32887
L1-D.loads-where-L3.total,66123
L1-D.loads-where-cache-remote.c0,1148
L1-D.loads-where-cache-remote.c1,3821
L1-D.loads-where-cache-remote.node0,1148
L1-D.loads-where-cache-remote.node1,3821
L1-D.loads-where-cache-remote.total,4969
L1-D.loads-where-dram-local.c0,5165
L1-D.loads-where-dram-local.c1,6
L1-D.loads-where-dram-local.node0,5165
L1-D.loads-where-dram-local.node1,6
L1-D.loads-where-dram-local.total,5171
L1-D.loads-where-dram-remote.c0,5143
L1-D.loads-where-dram-remote.c1,9
L1-D.loads-where-dram-remote.node0,5143
L1-D.loads-where-dram-remote.node1,9
L1-D.loads-where-dram-remote.total,5152
L1-D.loads.c0,4456202
L1-D.loads.c1,1427386
L1-D.loads.node0,4456202
L1-D.loads.node1,1427386
L1-D.loads.total,5883588
L1-D.store-misses-E,2065
L1-D.store-misses-I.c0,32858
L1-D.store-misses-I.c1,25391
L1-D.store-misses-I.node0,32858
L1-D.store-misses-I.node1,25391
L1-D.store-misses-I.total,58249
L1-D.store-misses-S.c0,1124
L1-D.store-misses-S.c1,3124
L1-D.store-misses-S.node0,1124
L1-D.store-misses-S.node1,3124
L1-D.store-misses-S.total,4248
L1-D.store-misses.c0,36047
L1-D.store-misses.c1,28515
L1-D.store-misses.node0,36047
L1-D.store-misses.node1,28515
L1-D.store-misses.total,64562
L1-D.stores-E,2065
L1-D.stores-I.c0,32858
L1-D.stores-I.c1,25391
L1-D.stores-I.node0,32858
L1-D.stores-I.node1,25391
L1-D.stores-I.total,58249
L1-D.stores-M.c0,1704152
L1-D.stores-M.c1,394100
L1-D.stores-M.node0,1704152
L1-D.stores-M.node1,394100
L1-D.stores-M.total,2098252
L1-D.stores-S.c0,1124
L1-D.stores-S.c1,3124
L1-D.stores-S.node0,1124
L1-D.stores-S.node1,3124
L1-D.stores-S.total,4248
L1-D.stores-where-L1.c0,1704152
L1-D.stores-where-L1.c1,394100
L1-D.stores-where-L1.node0,1704152
L1-D.stores-where-L1.node1,394100
L1-D.stores-where-L1.total,2098252
L1-D.stores-where-L2.c0,7153
L1-D.stores-where-L2.c1,6072
L1-D.stores-where-L2.node0,7153
L1-D.stores-where-L2.node1,6072
L1-D.stores-where-L2.total,13225
L1-D.stores-where-L3.c0,28893
L1-D.stores-where-L3.c1,22443
L1-D.stores-where-L3.node0,28893
L1-D.stores-where-L3.node1,22443
L1-D.stores-where-L3.total,51336
L1-D.stores-where-dram-local,1
L1-D.stores.c0,1740199
L1-D.stores.c1,422615
L1-D.stores.node0,1740199
L1-D.stores.node1,422615
L1-D.stores.total,2162814
L1-D.total-latency.c0,2363091527630
L1-D.total-latency.c1,1277201868695
L1-D.total-latency.node0,2363091527630
L1-D.total-latency.node1,1277201868695
L1-D.total-latency.total,3640293396325
L1-I.access-mru-0.c0,3154103
L1-I.access-mru-0.c1,567649
L1-I.access-mru-0.node0,3154103
L1-I.access-mru-0.node1,567649
L1-I.access-mru-0.total,3721752
L1-I.access-mru-1.c0,12813
L1-I.access-mru-1.c1,2805
L1-I.access-mru-1.node0,12813
L1-I.access-mru-1.node1,2805
L1-I.access-mru-1.total,15618
L1-I.access-mru-2.c0,1577
L1-I.access-mru-2.c1,5
L1-I.access-mru-2.node0,1577
L1-I.access-mru-2.node1,5
L1-I.access-mru-2.total,1582
L1-I.access-mru-3,488
L1-I.backinval-E.c0,461
L1-I.backinval-E.c1,2
L1-I.backinval-E.node0,461
L1-I.backinval-E.node1,2
L1-I.backinval-E.total,463
L1-I.backinval-S.c0,37
L1-I.backinval-S.c1,7
L1-I.backinval-S.node0,37
L1-I.backinval-S.node1,7
L1-I.backinval-S.total,44
L1-I.coherency-downgrades.c0,83
L1-I.coherency-downgrades.c1,76
L1-I.coherency-downgrades.node0,83
L1-I.coherency-downgrades.node1,76
L1-I.coherency-downgrades.total,159
L1-I.evict-E,1772
L1-I.evict-S,44
L1-I.load-misses-I.c0,2803
L1-I.load-misses-I.c1,185
L1-I.load-misses-I.node0,2803
L1-I.load-misses-I.node1,185
L1-I.load-misses-I.total,2988
L1-I.load-misses.c0,2803
L1-I.load-misses.c1,185
L1-I.load-misses.node0,2803
L1-I.load-misses.node1,185
L1-I.load-misses.total,2988
L1-I.loads-E.c0,2689684
L1-I.loads-E.c1,416
L1-I.loads-E.node0,2689684
L1-I.loads-E.node1,416
L1-I.loads-E.total,2690100
L1-I.loads-I.c0,2803
L1-I.loads-I.c1,185
L1-I.loads-I.node0,2803
L1-I.loads-I.node1,185
L1-I.loads-I.total,2988
L1-I.loads-S.c0,479297
L1-I.loads-S.c1,570043
L1-I.loads-S.node0,479297
L1-I.loads-S.node1,570043
L1-I.loads-S.total,1049340
L1-I.loads-where-L1I.c0,3168981
L1-I.loads-where-L1I.c1,570459
L1-I.loads-where-L1I.node0,3168981
L1-I.loads-where-L1I.node1,570459
L1-I.loads-where-L1I.total,3739440
L1-I.loads-where-L2,343
L1-I.loads-where-L3.c0,211
L1-I.loads-where-L3.c1,7
L1-I.loads-where-L3.node0,211
L1-I.loads-where-L3.node1,7
L1-I.loads-where-L3.total,218
L1-I.loads-where-cache-remote.c0,77
L1-I.loads-where-cache-remote.c1,91
L1-I.loads-where-cache-remote.node0,77
L1-I.loads-where-cache-remote.node1,91
L1-I.loads-where-cache-remote.total,168
L1-I.loads-where-dram-local.c0,1086
L1-I.loads-where-dram-local.c1,46
L1-I.loads-where-dram-local.node0,1086
L1-I.loads-where-dram-local.node1,46
L1-I.loads-where-dram-local.total,1132
L1-I.loads-where-dram-remote.c0,1086
L1-I.loads-where-dram-remote.c1,41
L1-I.loads-where-dram-remote.node0,1086
L1-I.loads-where-dram-remote.node1,41
L1-I.loads-where-dram-remote.total,1127
L1-I.loads.c0,3171784
L1-I.loads.c1,570644
L1-I.loads.node0,3171784
L1-I.loads.node1,570644
L1-I.loads.total,3742428
L1-I.total-latency.c0,152310426820
L1-I.total-latency.c1,7632101965
L1-I.total-latency.node0,152310426820
L1-I.total-latency.node1,7632101965
L1-I.total-latency.total,159942528785
L2.access-mru-0.c0,10032
L2.access-mru-0.c1,5662
L2.access-mru-0.node0,10032
L2.access-mru-0.node1,5662
L2.access-mru-0.total,15694
L2.access-mru-1.c0,8059
L2.access-mru-1.c1,6792
L2.access-mru-1.node0,8059
L2.access-mru-1.node1,6792
L2.access-mru-1.total,14851
L2.access-mru-2.c0,3973
L2.access-mru-2.c1,2547
L2.access-mru-2.node0,3973
L2.access-mru-2.node1,2547
L2.access-mru-2.total,6520
L2.access-mru-3.c0,3695
L2.access-mru-3.c1,1667
L2.access-mru-3.node0,3695
L2.access-mru-3.node1,1667
L2.access-mru-3.total,5362
L2.access-mru-4.c0,2117
L2.access-mru-4.c1,1196
L2.access-mru-4.node0,2117
L2.access-mru-4.node1,1196
L2.access-mru-4.total,3313
L2.access-mru-5.c0,1082
L2.access-mru-5.c1,694
L2.access-mru-5.node0,1082
L2.access-mru-5.node1,694
L2.access-mru-5.total,1776
L2.access-mru-6.c0,634
L2.access-mru-6.c1,155
L2.access-mru-6.node0,634
L2.access-mru-6.node1,155
L2.access-mru-6.total,789
L2.access-mru-7.c0,352
L2.access-mru-7.c1,16
L2.access-mru-7.node0,352
L2.access-mru-7.node1,16
L2.access-mru-7.total,368
L2.coherency-downgrades.c0,3871
L2.coherency-downgrades.c1,1224
L2.coherency-downgrades.node0,3871
L2.coherency-downgrades.node1,1224
L2.coherency-downgrades.total,5095
L2.coherency-invalidates.c0,3227
L2.coherency-invalidates.c1,1333
L2.coherency-invalidates.node0,3227
L2.coherency-invalidates.node1,1333
L2.coherency-invalidates.total,4560
L2.coherency-writebacks.c0,48234
L2.coherency-writebacks.c1,48030
L2.coherency-writebacks.node0,48234
L2.coherency-writebacks.node1,48030
L2.coherency-writebacks.total,96264
L2.evict-E.c0,9373
L2.evict-E.c1,4
L2.evict-E.node0,9373
L2.evict-E.node1,4
L2.evict-E.total,9377
L2.evict-M.c0,3709
L2.evict-M.c1,19
L2.evict-M.node0,3709
L2.evict-M.node1,19
L2.evict-M.total,3728
L2.evict-S.c0,98
L2.evict-S.c1,15
L2.evict-S.node0,98
L2.evict-S.node1,15
L2.evict-S.total,113
L2.load-misses-E,2
L2.load-misses-I.c0,47077
L2.load-misses-I.c1,36849
L2.load-misses-I.node0,47077
L2.load-misses-I.node1,36849
L2.load-misses-I.total,83926
L2.load-misses-S.c0,73
L2.load-misses-S.c1,59
L2.load-misses-S.node0,73
L2.load-misses-S.node1,59
L2.load-misses-S.total,132
L2.load-misses.c0,47152
L2.load-misses.c1,36908
L2.load-misses.node0,47152
L2.load-misses.node1,36908
L2.load-misses.total,84060
L2.loads-E,5414
L2.loads-I.c0,47077
L2.loads-I.c1,36849
L2.loads-I.node0,47077
L2.loads-I.node1,36849
L2.loads-I.total,83926
L2.loads-M.c0,16838
L2.loads-M.c1,12236
L2.loads-M.node0,16838
L2.loads-M.node1,12236
L2.loads-M.total,29074
L2.loads-S.c0,614
L2.loads-S.c1,480
L2.loads-S.node0,614
L2.loads-S.node1,480
L2.loads-S.total,1094
L2.loads.c0,69943
L2.loads.c1,49565
L2.loads.node0,69943
L2.loads.node1,49565
L2.loads.total,119508
L2.mshr-latency,6000000
L2.store-misses-E,2077
L2.store-misses-I.c0,25557
L2.store-misses-I.c1,19272
L2.store-misses-I.node0,25557
L2.store-misses-I.node1,19272
L2.store-misses-I.total,44829
L2.store-misses-S.c0,1260
L2.store-misses-S.c1,3171
L2.store-misses-S.node0,1260
L2.store-misses-S.node1,3171
L2.store-misses-S.total,4431
L2.store-misses.c0,28894
L2.store-misses.c1,22443
L2.store-misses.node0,28894
L2.store-misses.node1,22443
L2.store-misses.total,51337
L2.stores-E,2077
L2.stores-I.c0,25557
L2.stores-I.c1,19272
L2.stores-I.node0,25557
L2.stores-I.node1,19272
L2.stores-I.total,44829
L2.stores-M.c0,7153
L2.stores-M.c1,6072
L2.stores-M.node0,7153
L2.stores-M.node1,6072
L2.stores-M.total,13225
L2.stores-S.c0,1260
L2.stores-S.c1,3171
L2.stores-S.node0,1260
L2.stores-S.node1,3171
L2.stores-S.total,4431
L2.stores.c0,36047
L2.stores.c1,28515
L2.stores.node0,36047
L2.stores.node1,28515
L2.stores.total,64562
L3.access-mru-0,101
L3.access-mru-1.c0,158
L3.access-mru-1.c1,2
L3.access-mru-1.node0,158
L3.access-mru-1.node1,2
L3.access-mru-1.total,160
L3.access-mru-2.c0,145
L3.access-mru-2.c1,6
L3.access-mru-2.node0,145
L3.access-mru-2.node1,6
L3.access-mru-2.total,151
L3.access-mru-3,175
L3.access-mru-4,109
L3.access-mru-5,50
L3.access-mru-6,25
L3.access-mru-7,16
L3.access-mru-8,10
L3.access-mru-9,4
L3.coherency-downgrades.c0,3912
L3.coherency-downgrades.c1,1224
L3.coherency-downgrades.node0,3912
L3.coherency-downgrades.node1,1224
L3.coherency-downgrades.total,5136
L3.coherency-invalidates.c0,3230
L3.coherency-invalidates.c1,1335
L3.coherency-invalidates.node0,3230
L3.coherency-invalidates.node1,1335
L3.coherency-invalidates.total,4565
L3.coherency-upgrades.c0,1335
L3.coherency-upgrades.c1,3230
L3.coherency-upgrades.node0,1335
L3.coherency-upgrades.node1,3230
L3.coherency-upgrades.total,4565
L3.coherency-writebacks.c0,48234
L3.coherency-writebacks.c1,48030
L3.coherency-writebacks.node0,48234
L3.coherency-writebacks.node1,48030
L3.coherency-writebacks.total,96264
L3.load-misses-E,2
L3.load-misses-I.c0,46380
L3.load-misses-I.c1,36841
L3.load-misses-I.node0,46380
L3.load-misses-I.node1,36841
L3.load-misses-I.total,83221
L3.load-misses-S.c0,73
L3.load-misses-S.c1,59
L3.load-misses-S.node0,73
L3.load-misses-S.node1,59
L3.load-misses-S.total,132
L3.load-misses.c0,46455
L3.load-misses.c1,36900
L3.load-misses.node0,46455
L3.load-misses.node1,36900
L3.load-misses.total,83355
L3.load-overlapping-misses.c0,10
L3.load-overlapping-misses.c1,12
L3.load-overlapping-misses.node0,10
L3.load-overlapping-misses.node1,12
L3.load-overlapping-misses.total,22
L3.loads-E,492
L3.loads-I.c0,46380
L3.loads-I.c1,36841
L3.loads-I.node0,46380
L3.loads-I.node1,36841
L3.loads-I.total,83221
L3.loads-M.c0,138
L3.loads-M.c1,1
L3.loads-M.node0,138
L3.loads-M.node1,1
L3.loads-M.total,139
L3.loads-S.c0,142
L3.loads-S.c1,66
L3.loads-S.node0,142
L3.loads-S.node1,66
L3.loads-S.total,208
L3.loads.c0,47152
L3.loads.c1,36908
L3.loads.node0,47152
L3.loads.node1,36908
L3.loads.total,84060
L3.store-misses-E,2077
L3.store-misses-I.c0,25459
L3.store-misses-I.c1,19272
L3.store-misses-I.node0,25459
L3.store-misses-I.node1,19272
L3.store-misses-I.total,44731
L3.store-misses-S.c0,1262
L3.store-misses-S.c1,3171
L3.store-misses-S.node0,1262
L3.store-misses-S.node1,3171
L3.store-misses-S.total,4433
L3.store-misses.c0,28798
L3.store-misses.c1,22443
L3.store-misses.node0,28798
L3.store-misses.node1,22443
L3.store-misses.total,51241
L3.store-overlapping-misses.c0,913
L3.store-overlapping-misses.c1,2449
L3.store-overlapping-misses.node0,913
L3.store-overlapping-misses.node1,2449
L3.store-overlapping-misses.total,3362
L3.stores-E,2077
L3.stores-I.c0,25459
L3.stores-I.c1,19272
L3.stores-I.node0,25459
L3.stores-I.node1,19272
L3.stores-I.total,44731
L3.stores-M,96
L3.stores-S.c0,1262
L3.stores-S.c1,3171
L3.stores-S.node0,1262
L3.stores-S.node1,3171
L3.stores-S.total,4433
L3.stores.c0,28894
L3.stores.c1,22443
L3.stores.node0,28894
L3.stores.node1,22443
L3.stores.total,51337
L3.uncore-requests.c0,73040
L3.uncore-requests.c1,58827
L3.uncore-requests.node0,73040
L3.uncore-requests.node1,58827
L3.uncore-requests.total,131867
L3.uncore-time-dram-bus.c0,28258803700
L3.uncore-time-dram-bus.c1,4963589740
L3.uncore-time-dram-bus.node0,28258803700
L3.uncore-time-dram-bus.node1,4963589740
L3.uncore-time-dram-bus.total,33222393440
L3.uncore-time-dram-device.c0,1355100000000
L3.uncore-time-dram-device.c1,238020000000
L3.uncore-time-dram-device.node0,1355100000000
L3.uncore-time-dram-device.node1,238020000000
L3.uncore-time-dram-device.total,1593120000000
L3.uncore-time-dram-queue.c0,2791154735
L3.uncore-time-dram-queue.c1,165026000
L3.uncore-time-dram-queue.node0,2791154735
L3.uncore-time-dram-queue.node1,165026000
L3.uncore-time-dram-queue.total,2956180735
L3.uncore-time-noc-base.c0,105445781250
L3.uncore-time-noc-base.c1,96101796875
L3.uncore-time-noc-base.node0,105445781250
L3.uncore-time-noc-base.node1,96101796875
L3.uncore-time-noc-base.total,201547578125
L3.uncore-time-noc-queue.c0,2740402265
L3.uncore-time-noc-queue.c1,2644183045
L3.uncore-time-noc-queue.node0,2740402265
L3.uncore-time-noc-queue.node1,2644183045
L3.uncore-time-noc-queue.total,5384585310
L3.uncore-time-remote-cache-fwd.c0,9177500000
L3.uncore-time-remote-cache-fwd.c1,29340000000
L3.uncore-time-remote-cache-fwd.node0,9177500000
L3.uncore-time-remote-cache-fwd.node1,29340000000
L3.uncore-time-remote-cache-fwd.total,38517500000
L3.uncore-time-remote-cache-inv.c0,3002500000
L3.uncore-time-remote-cache-inv.c1,6785000000
L3.uncore-time-remote-cache-inv.node0,3002500000
L3.uncore-time-remote-cache-inv.node1,6785000000
L3.uncore-time-remote-cache-inv.total,9787500000
L3.uncore-time-remote-cache-wb.c0,360225000000
L3.uncore-time-remote-cache-wb.c1,361753046875
L3.uncore-time-remote-cache-wb.node0,360225000000
L3.uncore-time-remote-cache-wb.node1,361753046875
L3.uncore-time-remote-cache-wb.total,721978046875
L3.uncore-time-td-access.c0,308737500000
L3.uncore-time-td-access.c1,284217500000
L3.uncore-time-td-access.node0,308737500000
L3.uncore-time-td-access.node1,284217500000
L3.uncore-time-td-access.total,592955000000
L3.uncore-totaltime.c0,2175478641950
L3.uncore-totaltime.c1,1023990142535
L3.uncore-totaltime.node0,2175478641950
L3.uncore-totaltime.node1,1023990142535
L3.uncore-totaltime.total,3199468784485
barrier.global_time,5057400000000
branch_predictor.num-correct.c0,3111901
branch_predictor.num-correct.c1,1359803
branch_predictor.num-correct.node0,3111901
branch_predictor.num-correct.node1,1359803
branch_predictor.num-correct.total,4471704
branch_predictor.num-incorrect.c0,203550
branch_predictor.num-incorrect.c1,66853
branch_predictor.num-incorrect.node0,203550
branch_predictor.num-incorrect.node1,66853
branch_predictor.num-incorrect.total,270403
bus-queue.num-requests,238676
bus-queue.requests-out-of-order,143649
bus-queue.requests-simultaneous,469
bus-queue.total-delay,5385288435
core.bbv-0.c0,767119307518
core.bbv-0.c1,210272134683
core.bbv-0.node0,767119307518
core.bbv-0.node1,210272134683
core.bbv-0.total,977391442201
core.bbv-1.c0,703871670198
core.bbv-1.c1,215709006061
core.bbv-1.node0,703871670198
core.bbv-1.node1,215709006061
core.bbv-1.total,919580676259
core.bbv-10.c0,661579620854
core.bbv-10.c1,153449566241
core.bbv-10.node0,661579620854
core.bbv-10.node1,153449566241
core.bbv-10.total,815029187095
core.bbv-11.c0,820530553198
core.bbv-11.c1,142820408387
core.bbv-11.node0,820530553198
core.bbv-11.node1,142820408387
core.bbv-11.total,963350961585
core.bbv-12.c0,997356949158
core.bbv-12.c1,217429594835
core.bbv-12.node0,997356949158
core.bbv-12.node1,217429594835
core.bbv-12.total,1214786543993
core.bbv-13.c0,781520905406
core.bbv-13.c1,189803948365
core.bbv-13.node0,781520905406
core.bbv-13.node1,189803948365
core.bbv-13.total,971324853771
core.bbv-14.c0,880665688790
core.bbv-14.c1,180990148551
core.bbv-14.node0,880665688790
core.bbv-14.node1,180990148551
core.bbv-14.total,1061655837341
core.bbv-15.c0,713358987502
core.bbv-15.c1,225915147841
core.bbv-15.node0,713358987502
core.bbv-15.node1,225915147841
core.bbv-15.total,939274135343
core.bbv-2.c0,714857577582
core.bbv-2.c1,195013725119
core.bbv-2.node0,714857577582
core.bbv-2.node1,195013725119
core.bbv-2.total,909871302701
core.bbv-3.c0,1020086821158
core.bbv-3.c1,192728555153
core.bbv-3.node0,1020086821158
core.bbv-3.node1,192728555153
core.bbv-3.total,1212815376311
core.bbv-4.c0,819359491230
core.bbv-4.c1,155565132001
core.bbv-4.node0,819359491230
core.bbv-4.node1,155565132001
core.bbv-4.total,974924623231
core.bbv-5.c0,869492201206
core.bbv-5.c1,163791910987
core.bbv-5.node0,869492201206
core.bbv-5.node1,163791910987
core.bbv-5.total,1033284112193
core.bbv-6.c0,839578782030
core.bbv-6.c1,178364737461
core.bbv-6.node0,839578782030
core.bbv-6.node1,178364737461
core.bbv-6.total,1017943519491
core.bbv-7.c0,896121043878
core.bbv-7.c1,184611018527
core.bbv-7.node0,896121043878
core.bbv-7.node1,184611018527
core.bbv-7.total,1080732062405
core.bbv-8.c0,812526494470
core.bbv-8.c1,234810685405
core.bbv-8.node0,812526494470
core.bbv-8.node1,234810685405
core.bbv-8.total,1047337179875
core.bbv-9.c0,717382558334
core.bbv-9.c1,190017020927
core.bbv-9.node0,717382558334
core.bbv-9.node1,190017020927
core.bbv-9.total,907399579261
core.instructions.c0,24814744
core.instructions.c1,5964506
core.instructions.node0,24814744
core.instructions.node1,5964506
core.instructions.total,30779250
directory.entries-allocated.c0,170512
directory.entries-allocated.c1,170176
directory.entries-allocated.node0,170512
directory.entries-allocated.node1,170176
directory.entries-allocated.total,340688
dram-queue.num-requests.c0,13294
dram-queue.num-requests.c1,13258
dram-queue.num-requests.node0,13294
dram-queue.num-requests.node1,13258
dram-queue.num-requests.total,26552
dram-queue.total-queue-delay.c0,1572676445
dram-queue.total-queue-delay.c1,1383504290
dram-queue.total-queue-delay.node0,1572676445
dram-queue.total-queue-delay.node1,1383504290
dram-queue.total-queue-delay.total,2956180735
dram-queue.total-time-used.c0,16633718680
dram-queue.total-time-used.c1,16588674760
dram-queue.total-time-used.node0,16633718680
dram-queue.total-time-used.node1,16588674760
dram-queue.total-time-used.total,33222393440
dram.reads.c0,13294
dram.reads.c1,13258
dram.reads.node0,13294
dram.reads.node1,13258
dram.reads.total,26552
dram.total-access-latency.c0,815846395125
dram.total-access-latency.c1,813452179050
dram.total-access-latency.node0,815846395125
dram.total-access-latency.node1,813452179050
dram.total-access-latency.total,1629298574175
dram.total-queueing-delay.c0,1572676445
dram.total-queueing-delay.c1,1383504290
dram.total-queueing-delay.node0,1572676445
dram.total-queueing-delay.node1,1383504290
dram.total-queueing-delay.total,2956180735
dtlb.access.c0,6196401
dtlb.access.c1,1850001
dtlb.access.node0,6196401
dtlb.access.node1,1850001
dtlb.access.total,8046402
dtlb.miss.c0,5072
dtlb.miss.c1,3430
dtlb.miss.node0,5072
dtlb.miss.node1,3430
dtlb.miss.total,8502
dtlb_cache.access-mru-0.c0,6062426
dtlb_cache.access-mru-0.c1,1788201
dtlb_cache.access-mru-0.node0,6062426
dtlb_cache.access-mru-0.node1,1788201
dtlb_cache.access-mru-0.total,7850627
dtlb_cache.access-mru-1.c0,98379
dtlb_cache.access-mru-1.c1,40382
dtlb_cache.access-mru-1.node0,98379
dtlb_cache.access-mru-1.node1,40382
dtlb_cache.access-mru-1.total,138761
dtlb_cache.access-mru-2.c0,20256
dtlb_cache.access-mru-2.c1,10398
dtlb_cache.access-mru-2.node0,20256
dtlb_cache.access-mru-2.node1,10398
dtlb_cache.access-mru-2.total,30654
dtlb_cache.access-mru-3.c0,10268
dtlb_cache.access-mru-3.c1,7590
dtlb_cache.access-mru-3.node0,10268
dtlb_cache.access-mru-3.node1,7590
dtlb_cache.access-mru-3.total,17858
futex.futex_wait_bitset_count,1
futex.futex_wait_count,1
futex.futex_wait_delay,2876372250000
futex.futex_wake_count.c0,27
futex.futex_wake_count.c1,7
futex.futex_wake_count.node0,27
futex.futex_wake_count.node1,7
futex.futex_wake_count.total,34
futex.futex_wake_delay,1000000000
interval_timer.cpContr_branch.c0,2049002567043
interval_timer.cpContr_branch.c1,867168723703
interval_timer.cpContr_branch.node0,2049002567043
interval_timer.cpContr_branch.node1,867168723703
interval_timer.cpContr_branch.total,2916171290746
interval_timer.cpContr_fp_muldiv,75913838
interval_timer.cpContr_generic.c0,4480360847039
interval_timer.cpContr_generic.c1,350034379260
interval_timer.cpContr_generic.node0,4480360847039
interval_timer.cpContr_generic.node1,350034379260
interval_timer.cpContr_generic.total,4830395226299
interval_timer.cpContr_load_l1.c0,2379150338931
interval_timer.cpContr_load_l1.c1,701803192116
interval_timer.cpContr_load_l1.node0,2379150338931
interval_timer.cpContr_load_l1.node1,701803192116
interval_timer.cpContr_load_l1.total,3080953531047
interval_timer.cpContr_load_l2.c0,62946026350
interval_timer.cpContr_load_l2.c1,31567547217
interval_timer.cpContr_load_l2.node0,62946026350
interval_timer.cpContr_load_l2.node1,31567547217
interval_timer.cpContr_load_l2.total,94513573567
interval_timer.cpContr_load_l3,15562655
interval_timer.cpContr_load_other.c0,11312411
interval_timer.cpContr_load_other.c1,4280703
interval_timer.cpContr_load_other.node0,11312411
interval_timer.cpContr_load_other.node1,4280703
interval_timer.cpContr_load_other.total,15593114
interval_timer.cpContr_port015.c0,699992031619
interval_timer.cpContr_port015.c1,27079367090
interval_timer.cpContr_port015.node0,699992031619
interval_timer.cpContr_port015.node1,27079367090
interval_timer.cpContr_port015.total,727071398709
interval_timer.cpContr_port1.c0,157957119
interval_timer.cpContr_port1.c1,112500000
interval_timer.cpContr_port1.node0,157957119
interval_timer.cpContr_port1.node1,112500000
interval_timer.cpContr_port1.total,270457119
interval_timer.cpContr_port2.c0,184063132981
interval_timer.cpContr_port2.c1,87774784085
interval_timer.cpContr_port2.node0,184063132981
interval_timer.cpContr_port2.node1,87774784085
interval_timer.cpContr_port2.total,271837917066
interval_timer.cpContr_port34.c0,11688393796
interval_timer.cpContr_port34.c1,2588128163
interval_timer.cpContr_port34.node0,11688393796
interval_timer.cpContr_port34.node1,2588128163
interval_timer.cpContr_port34.total,14276521959
interval_timer.cpContr_port5.c0,344502773745
interval_timer.cpContr_port5.c1,417764220790
interval_timer.cpContr_port5.node0,344502773745
interval_timer.cpContr_port5.node1,417764220790
interval_timer.cpContr_port5.total,762266994535
interval_timer.cpContr_store.c0,429826777103
interval_timer.cpContr_store.c1,131969066006
interval_timer.cpContr_store.node0,429826777103
interval_timer.cpContr_store.node1,131969066006
interval_timer.cpContr_store.total,561795843109
interval_timer.cpiBase.c0,2661409000000
interval_timer.cpiBase.c1,654760000000
interval_timer.cpiBase.node0,2661409000000
interval_timer.cpiBase.node1,654760000000
interval_timer.cpiBase.total,3316169000000
interval_timer.cpiBranchPredictor.c0,1425048000000
interval_timer.cpiBranchPredictor.c1,322130750000
interval_timer.cpiBranchPredictor.node0,1425048000000
interval_timer.cpiBranchPredictor.node1,322130750000
interval_timer.cpiBranchPredictor.total,1747178750000
interval_timer.cpiDataCacheL2.c0,224250000
interval_timer.cpiDataCacheL2.c1,78000000
interval_timer.cpiDataCacheL2.node0,224250000
interval_timer.cpiDataCacheL2.node1,78000000
interval_timer.cpiDataCacheL2.total,302250000
interval_timer.cpiDataCacheL3.c0,584837000000
interval_timer.cpiDataCacheL3.c1,584131500000
interval_timer.cpiDataCacheL3.node0,584837000000
interval_timer.cpiDataCacheL3.node1,584131500000
interval_timer.cpiDataCacheL3.total,1168968500000
interval_timer.cpiDataCachecache-remote.c0,12820500000
interval_timer.cpiDataCachecache-remote.c1,24536500000
interval_timer.cpiDataCachecache-remote.node0,12820500000
interval_timer.cpiDataCachecache-remote.node1,24536500000
interval_timer.cpiDataCachecache-remote.total,37357000000
interval_timer.cpiDataCachedram-local.c0,133967250000
interval_timer.cpiDataCachedram-local.c1,209250000
interval_timer.cpiDataCachedram-local.node0,133967250000
interval_timer.cpiDataCachedram-local.node1,209250000
interval_timer.cpiDataCachedram-local.total,134176500000
interval_timer.cpiDataCachedram-remote.c0,145544250000
interval_timer.cpiDataCachedram-remote.c1,214500000
interval_timer.cpiDataCachedram-remote.node0,145544250000
interval_timer.cpiDataCachedram-remote.node1,214500000
interval_timer.cpiDataCachedram-remote.total,145758750000
interval_timer.cpiInstructionCacheL2,522000000
interval_timer.cpiInstructionCacheL3.c0,773500000
interval_timer.cpiInstructionCacheL3.c1,8500000
interval_timer.cpiInstructionCacheL3.node0,773500000
interval_timer.cpiInstructionCacheL3.node1,8500000
interval_timer.cpiInstructionCacheL3.total,782000000
interval_timer.cpiInstructionCachecache-remote.c0,221500000
interval_timer.cpiInstructionCachecache-remote.c1,392500000
interval_timer.cpiInstructionCachecache-remote.node0,221500000
interval_timer.cpiInstructionCachecache-remote.node1,392500000
interval_timer.cpiInstructionCachecache-remote.total,614000000
interval_timer.cpiInstructionCachedram-local.c0,45412250000
interval_timer.cpiInstructionCachedram-local.c1,674500000
interval_timer.cpiInstructionCachedram-local.node0,45412250000
interval_timer.cpiInstructionCachedram-local.node1,674500000
interval_timer.cpiInstructionCachedram-local.total,46086750000
interval_timer.cpiInstructionCachedram-remote.c0,45224000000
interval_timer.cpiInstructionCachedram-remote.c1,422250000
interval_timer.cpiInstructionCachedram-remote.node0,45224000000
interval_timer.cpiInstructionCachedram-remote.node1,422250000
interval_timer.cpiInstructionCachedram-remote.total,45646250000
interval_timer.cpiLongLatency.c0,750000
interval_timer.cpiLongLatency.c1,750000
interval_timer.cpiLongLatency.node0,750000
interval_timer.cpiLongLatency.node1,750000
interval_timer.cpiLongLatency.total,1500000
interval_timer.cpiSerialization,37250000
interval_timer.detailed-cpiBase-DispatchRate.c0,9229643
interval_timer.detailed-cpiBase-DispatchRate.c1,2436817
interval_timer.detailed-cpiBase-DispatchRate.node0,9229643
interval_timer.detailed-cpiBase-DispatchRate.node1,2436817
interval_timer.detailed-cpiBase-DispatchRate.total,11666460
interval_timer.detailed-cpiBase-DispatchWidth+DispatchRate.c0,1412162
interval_timer.detailed-cpiBase-DispatchWidth+DispatchRate.c1,181051
interval_timer.detailed-cpiBase-DispatchWidth+DispatchRate.node0,1412162
interval_timer.detailed-cpiBase-DispatchWidth+DispatchRate.node1,181051
interval_timer.detailed-cpiBase-DispatchWidth+DispatchRate.total,1593213
interval_timer.detailed-cpiBase-DispatchWidth.c0,3831
interval_timer.detailed-cpiBase-DispatchWidth.c1,1172
interval_timer.detailed-cpiBase-DispatchWidth.node0,3831
interval_timer.detailed-cpiBase-DispatchWidth.node1,1172
interval_timer.detailed-cpiBase-DispatchWidth.total,5003
interval_timer.loadstore_contention.num-requests.c0,4325384
interval_timer.loadstore_contention.num-requests.c1,1380521
interval_timer.loadstore_contention.num-requests.node0,4325384
interval_timer.loadstore_contention.num-requests.node1,1380521
interval_timer.loadstore_contention.num-requests.total,5705905
interval_timer.loadstore_contention.requests-out-of-order.c0,1484903
interval_timer.loadstore_contention.requests-out-of-order.c1,428185
interval_timer.loadstore_contention.requests-out-of-order.node0,1484903
interval_timer.loadstore_contention.requests-out-of-order.node1,428185
interval_timer.loadstore_contention.requests-out-of-order.total,1913088
interval_timer.loadstore_contention.requests-simultaneous.c0,944087
interval_timer.loadstore_contention.requests-simultaneous.c1,183460
interval_timer.loadstore_contention.requests-simultaneous.node0,944087
interval_timer.loadstore_contention.requests-simultaneous.node1,183460
interval_timer.loadstore_contention.requests-simultaneous.total,1127547
interval_timer.loadstore_contention.total-delay.c0,144249250000
interval_timer.loadstore_contention.total-delay.c1,14536750000
interval_timer.loadstore_contention.total-delay.node0,144249250000
interval_timer.loadstore_contention.total-delay.node1,14536750000
interval_timer.loadstore_contention.total-delay.total,158786000000
interval_timer.numBPredOverlapped.c0,1055519
interval_timer.numBPredOverlapped.c1,1017027
interval_timer.numBPredOverlapped.node0,1055519
interval_timer.numBPredOverlapped.node1,1017027
interval_timer.numBPredOverlapped.total,2072546
interval_timer.numDCacheOverlapped.c0,135441
interval_timer.numDCacheOverlapped.c1,55081
interval_timer.numDCacheOverlapped.node0,135441
interval_timer.numDCacheOverlapped.node1,55081
interval_timer.numDCacheOverlapped.total,190522
interval_timer.numHiddenLongerDCacheLatency.c0,1288
interval_timer.numHiddenLongerDCacheLatency.c1,93
interval_timer.numHiddenLongerDCacheLatency.node0,1288
interval_timer.numHiddenLongerDCacheLatency.node1,93
interval_timer.numHiddenLongerDCacheLatency.total,1381
interval_timer.numICacheOverlapped.c0,8426442
interval_timer.numICacheOverlapped.c1,7618583
interval_timer.numICacheOverlapped.node0,8426442
interval_timer.numICacheOverlapped.node1,7618583
interval_timer.numICacheOverlapped.total,16045025
interval_timer.numLongLatencyLoads.c0,37880
interval_timer.numLongLatencyLoads.c1,34239
interval_timer.numLongLatencyLoads.node0,37880
interval_timer.numLongLatencyLoads.node1,34239
interval_timer.numLongLatencyLoads.total,72119
interval_timer.numMfenceInsns.c0,25
interval_timer.numMfenceInsns.c1,7
interval_timer.numMfenceInsns.node0,25
interval_timer.numMfenceInsns.node1,7
interval_timer.numMfenceInsns.total,32
interval_timer.numSerializationInsns,15
interval_timer.numTotalLongLatencyLoadLatency.c0,3509573
interval_timer.numTotalLongLatencyLoadLatency.c1,2436679
interval_timer.numTotalLongLatencyLoadLatency.node0,3509573
interval_timer.numTotalLongLatencyLoadLatency.node1,2436679
interval_timer.numTotalLongLatencyLoadLatency.total,5946252
interval_timer.outstandingLongLatencyCycles.c0,3596217
interval_timer.outstandingLongLatencyCycles.c1,2470940
interval_timer.outstandingLongLatencyCycles.node0,3596217
interval_timer.outstandingLongLatencyCycles.node1,2470940
interval_timer.outstandingLongLatencyCycles.total,6067157
interval_timer.outstandingLongLatencyInsns.c0,5259576
interval_timer.outstandingLongLatencyInsns.c1,2617679
interval_timer.outstandingLongLatencyInsns.node0,5259576
interval_timer.outstandingLongLatencyInsns.node1,2617679
interval_timer.outstandingLongLatencyInsns.total,7877255
interval_timer.totalHiddenDCacheLatency.c0,2272662
interval_timer.totalHiddenDCacheLatency.c1,394380
interval_timer.totalHiddenDCacheLatency.node0,2272662
interval_timer.totalHiddenDCacheLatency.node1,394380
interval_timer.totalHiddenDCacheLatency.total,2667042
interval_timer.totalHiddenLongerDCacheLatency.c0,26162
interval_timer.totalHiddenLongerDCacheLatency.c1,2580
interval_timer.totalHiddenLongerDCacheLatency.node0,26162
interval_timer.totalHiddenLongerDCacheLatency.node1,2580
interval_timer.totalHiddenLongerDCacheLatency.total,28742
interval_timer.totalSerializationLatency,149
interval_timer.uop_branch.c0,4231827
interval_timer.uop_branch.c1,1573665
interval_timer.uop_branch.node0,4231827
interval_timer.uop_branch.node1,1573665
interval_timer.uop_branch.total,5805492
interval_timer.uop_fp_muldiv,2
interval_timer.uop_generic.c0,16597985
interval_timer.uop_generic.c1,3216764
interval_timer.uop_generic.node0,16597985
interval_timer.uop_generic.node1,3216764
interval_timer.uop_generic.total,19814749
interval_timer.uop_load.c0,4460839
interval_timer.uop_load.c1,1435604
interval_timer.uop_load.node0,4460839
interval_timer.uop_load.node1,1435604
interval_timer.uop_load.total,5896443
interval_timer.uop_store.c0,1740168
interval_timer.uop_store.c1,422615
interval_timer.uop_store.node0,1740168
interval_timer.uop_store.node1,422615
interval_timer.uop_store.total,2162783
interval_timer.uops_pause.c0,303040
interval_timer.uops_pause.c1,369376
interval_timer.uops_pause.node0,303040
interval_timer.uops_pause.node1,369376
interval_timer.uops_pause.total,672416
interval_timer.uops_total.c0,27030821
interval_timer.uops_total.c1,6648648
interval_timer.uops_total.node0,27030821
interval_timer.uops_total.node1,6648648
interval_timer.uops_total.total,33679469
itlb.access.c0,3171784
itlb.access.c1,570644
itlb.access.node0,3171784
itlb.access.node1,570644
itlb.access.total,3742428
itlb.miss.c0,168
itlb.miss.c1,28
itlb.miss.node0,168
itlb.miss.node1,28
itlb.miss.total,196
itlb_cache.access-mru-0.c0,3169545
itlb_cache.access-mru-0.c1,570042
itlb_cache.access-mru-0.node0,3169545
itlb_cache.access-mru-0.node1,570042
itlb_cache.access-mru-0.total,3739587
itlb_cache.access-mru-1.c0,1702
itlb_cache.access-mru-1.c1,574
itlb_cache.access-mru-1.node0,1702
itlb_cache.access-mru-1.node1,574
itlb_cache.access-mru-1.total,2276
itlb_cache.access-mru-2,348
itlb_cache.access-mru-3,21
network.shmem-1.bus.num-bytes,10686936
network.shmem-1.bus.num-packets,238676
network.shmem-1.bus.num-packets-delayed,7830
network.shmem-1.bus.time-used,202259062500
network.shmem-1.bus.total-delay,5385288435
performance_model.cpiStartTime,593480500000
performance_model.cpiSyncFutex.c0,1000000000
performance_model.cpiSyncFutex.c1,2876372250000
performance_model.cpiSyncFutex.node0,1000000000
performance_model.cpiSyncFutex.node1,2876372250000
performance_model.cpiSyncFutex.total,2877372250000
performance_model.cpiSyncSyscall,338250000
performance_model.elapsed_time.c0,5057379750000
performance_model.elapsed_time.c1,5057411750000
performance_model.elapsed_time.node0,5057379750000
performance_model.elapsed_time.node1,5057411750000
performance_model.elapsed_time.total,10114791500000
performance_model.idle_elapsed_time.c0,1338250000
performance_model.idle_elapsed_time.c1,3469852750000
performance_model.idle_elapsed_time.node0,1338250000
performance_model.idle_elapsed_time.node1,3469852750000
performance_model.idle_elapsed_time.total,3471191000000
performance_model.instruction_count.c0,24814541
performance_model.instruction_count.c1,5964302
performance_model.instruction_count.node0,24814541
performance_model.instruction_count.node1,5964302
performance_model.instruction_count.total,30778843
stlb.access.c0,5240
stlb.access.c1,3458
stlb.access.node0,5240
stlb.access.node1,3458
stlb.access.total,8698
stlb.miss.c0,693
stlb.miss.c1,239
stlb.miss.node0,693
stlb.miss.node1,239
stlb.miss.total,932
stlb_cache.access-mru-0.c0,587
stlb_cache.access-mru-0.c1,283
stlb_cache.access-mru-0.node0,587
stlb_cache.access-mru-0.node1,283
stlb_cache.access-mru-0.total,870
stlb_cache.access-mru-1.c0,3589
stlb_cache.access-mru-1.c1,2919
stlb_cache.access-mru-1.node0,3589
stlb_cache.access-mru-1.node1,2919
stlb_cache.access-mru-1.total,6508
stlb_cache.access-mru-2.c0,163
stlb_cache.access-mru-2.c1,13
stlb_cache.access-mru-2.node0,163
stlb_cache.access-mru-2.node1,13
stlb_cache.access-mru-2.total,176
stlb_cache.access-mru-3.c0,208
stlb_cache.access-mru-3.c1,4
stlb_cache.access-mru-3.node0,208
stlb_cache.access-mru-3.node1,4
stlb_cache.access-mru-3.total,212
thread.bottle_contrib_time.c0,4263278000000
thread.bottle_contrib_time.c1,793795500000
thread.bottle_contrib_time.node0,4263278000000
thread.bottle_contrib_time.node1,793795500000
thread.bottle_contrib_time.total,5057073500000
thread.bottle_runtime_time.c0,5057041500000
thread.bottle_runtime_time.c1,1587559000000
thread.bottle_runtime_time.node0,5057041500000
thread.bottle_runtime_time.node1,1587559000000
thread.bottle_runtime_time.total,6644600500000
thread.elapsed_time.c0,5057300000000
thread.elapsed_time.c1,4463919500000
thread.elapsed_time.node0,5057300000000
thread.elapsed_time.node1,4463919500000
thread.elapsed_time.total,9521219500000
thread.instruction_count.c0,24814083
thread.instruction_count.c1,5964276
thread.instruction_count.node0,24814083
thread.instruction_count.node1,5964276
thread.instruction_count.total,30778359
thread.instructions_by_core[0],24814083
thread.instructions_by_core[1],5964276
thread.nonidle_elapsed_time.c0,5055967500000
thread.nonidle_elapsed_time.c1,1587556500000
thread.nonidle_elapsed_time.node0,5055967500000
thread.nonidle_elapsed_time.node1,1587556500000
thread.nonidle_elapsed_time.total,6643524000000
thread.time_by_core[0],5055967500000
thread.time_by_core[1],1587556500000
thread.unscheduled_time.c0,338250000
thread.unscheduled_time.c1,2876372250000
thread.unscheduled_time.node0,338250000
thread.unscheduled_time.node1,2876372250000
thread.unscheduled_time.total,2876710500000
thread.waiting_cost.c0,835250000
thread.waiting_cost.c1,2875311750000
thread.waiting_cost.node0,835250000
thread.waiting_cost.node1,2875311750000
thread.waiting_cost.total,2876147000000
time.walltime,1782811157553923
